Category,Name,Heterogeneous,Many_Small,Few_Big,Avg_Avg,Ratio_Many_Small,Ratio_Few_Big,Ratio_Avg_Avg

10_children,size_10000/random_tree_1,8793.493491,17014.11556,0,8793.493491,0.5168351807644593,not_computed,1.0
10_children,size_10000/random_tree_2,7461.146289,13097.950388,0,7461.146289,0.5696422774540135,not_computed,1.0
10_children,size_10000/random_tree_3,4482.258197,-1.0,0,4300.420648,not_computed,not_computed,1.0422836656885106
10_children,size_15000/random_tree_1,11289.494522,20124.664826,0,11289.494522,0.560978014769944,not_computed,1.0
10_children,size_15000/random_tree_2,7438.750147,-1.0,0,7693.338711,not_computed,not_computed,0.9669079220916157
10_children,size_15000/random_tree_3,11450.617182,-1.0,0,11181.305883,not_computed,not_computed,1.0240858538186903
10_children,size_20000/random_tree_1,7711.891047,-1.0,0,7602.978091,not_computed,not_computed,1.014325038780386
10_children,size_20000/random_tree_2,11984.444062,-1.0,0,12420.440745,not_computed,not_computed,0.9648968428776962
10_children,size_20000/random_tree_3,6717.027861,-1.0,0,7617.419498,not_computed,not_computed,0.8817983390259124
10_children,size_25000/random_tree_1,9719.507222,-1.0,0,10154.858162,not_computed,not_computed,0.9571288015002409
10_children,size_25000/random_tree_2,9080.219832,-1.0,0,8054.936338,not_computed,not_computed,1.1272863559657347
10_children,size_25000/random_tree_3,16291.847868,-1.0,0,14485.480384,not_computed,not_computed,1.1247019385007921
10_children,size_5000/random_tree_1,7178.899456,21717.088422,0,7178.899456,0.3305645451407556,not_computed,1.0
10_children,size_5000/random_tree_2,5013.587893,8948.647571,0,5013.587893,0.5602620790707638,not_computed,1.0
10_children,size_5000/random_tree_3,7190.51963,27050.656895,0,7190.51963,0.26581682130348133,not_computed,1.0
all_large,size_10000/random_tree_1,130016.094875,135219.389233,0,121417.615649,0.9615196135146412,not_computed,1.0708173948239676
all_large,size_10000/random_tree_10,233755.086366,233755.086366,0,214017.086366,1.0,not_computed,1.0922262812523538
all_large,size_10000/random_tree_2,249096.174983,290113.51486,0,263088.738126,0.8586162388994745,not_computed,0.9468142831096837
all_large,size_10000/random_tree_3,239181.1767,249960.356917,0,205314.91498,0.956876440928674,not_computed,1.1649478885803253
all_large,size_10000/random_tree_4,205739.464424,247132.018125,0,222952.544397,0.8325083329345713,not_computed,0.9227948709015424
all_large,size_10000/random_tree_5,177198.742403,203841.62701,0,174991.772242,0.8692961540888164,not_computed,1.0126118510186177
all_large,size_10000/random_tree_6,191976.73956,191761.176817,0,200485.879596,1.001124120880869,not_computed,0.9575574097629876
all_large,size_10000/random_tree_7,241764.418798,271229.954851,0,231122.536769,0.8913632674931246,not_computed,1.0460443285962902
all_large,size_10000/random_tree_8,236811.476373,236811.476373,0,213987.602006,1.0,not_computed,1.1066597978249229
all_large,size_10000/random_tree_9,225105.730084,284244.384327,0,264568.778903,0.7919443355652515,not_computed,0.8508401143074085
all_large,size_2000/random_tree_1,109398.918629,157908.918629,0,109398.918629,0.6927975923008372,not_computed,1.0
all_large,size_2000/random_tree_10,74746.340503,74746.340503,0,80815.629122,1.0,not_computed,0.9248995685000763
all_large,size_2000/random_tree_2,81368.476813,81368.476813,0,87683.728201,1.0,not_computed,0.9279769289288958
all_large,size_2000/random_tree_3,97943.068849,97943.068849,0,100990.52466,1.0,not_computed,0.9698243392510365
all_large,size_2000/random_tree_4,105088.893685,190150.163048,0,105088.893685,0.552662653560135,not_computed,1.0
all_large,size_2000/random_tree_5,66497.406272,66497.406272,0,63185.506816,1.0,not_computed,1.0524154924584912
all_large,size_2000/random_tree_6,104816.040493,165119.704861,0,104816.040493,0.6347882015731288,not_computed,1.0
all_large,size_2000/random_tree_7,104111.139211,178466.713112,0,104111.139211,0.5833644683401726,not_computed,1.0
all_large,size_2000/random_tree_8,78018.928907,78018.928907,0,80634.67835,1.0,not_computed,0.9675604901448707
all_large,size_2000/random_tree_9,101127.002025,175627.742717,0,101127.002025,0.575803118918133,not_computed,1.0
all_large,size_20000/random_tree_1,262434.186454,320786.270258,0,321385.374133,0.8180966917409871,not_computed,0.816571653772259
all_large,size_20000/random_tree_2,330529.746614,432524.124685,0,335047.573335,0.7641880018940429,not_computed,0.9865158649679793
all_large,size_20000/random_tree_3,406703.666513,463681.416396,0,432534.865268,0.877118754670256,not_computed,0.9402794992283572
all_large,size_20000/random_tree_4,300484.33787,300484.33787,0,328763.76722,1.0,not_computed,0.9139825243239893
all_large,size_20000/random_tree_5,356023.006797,359463.150154,0,360640.818363,0.9904297746360756,not_computed,0.9871955382450581
all_large,size_30000/random_tree_1,486029.357715,486029.357715,0,589512.837689,1.0,not_computed,0.824459327502223
all_large,size_30000/random_tree_2,430958.575992,320391.709849,0,529714.135151,1.3450990233021634,not_computed,0.8135682010244095
all_large,size_30000/random_tree_3,587553.273452,503051.343723,0,547381.938498,1.1679787377240962,not_computed,1.073388126514055
all_large,size_30000/random_tree_4,451780.869639,361194.484744,0,470944.366996,1.2507967001744336,not_computed,0.9593083627281972
all_large,size_30000/random_tree_5,448045.098288,407307.95396,0,413562.483818,1.1000155875473048,not_computed,1.0833794549052351
all_large,size_4000/random_tree_1,160240.370975,234422.22359,0,168383.641165,0.6835545219264593,not_computed,0.9516385906988413
all_large,size_4000/random_tree_10,147588.31709,183808.582605,0,139653.775809,0.8029457329920419,not_computed,1.056815802043561
all_large,size_4000/random_tree_2,121189.639398,126120.03644,0,101586.788685,0.9609071073782509,not_computed,1.1929665359713697
all_large,size_4000/random_tree_3,129150.741873,129150.741873,0,136798.495206,1.0,not_computed,0.9440947554175687
all_large,size_4000/random_tree_4,111509.453501,130128.52958,0,107559.054558,0.8569178016604466,not_computed,1.0367277209643915
all_large,size_4000/random_tree_5,97707.089879,109451.692315,0,99031.266347,0.8926960178724397,not_computed,0.9866287030667653
all_large,size_4000/random_tree_6,147107.993272,221347.539008,0,152746.159288,0.664601892260854,not_computed,0.9630880014117452
all_large,size_4000/random_tree_7,112698.77547,112698.77547,0,129284.625242,1.0,not_computed,0.8717105785707004
all_large,size_4000/random_tree_8,154785.386065,175545.201144,0,163949.236202,0.8817409137719995,not_computed,0.9441055637141894
all_large,size_4000/random_tree_9,115721.592946,145370.003146,0,125519.199614,0.7960486375567929,not_computed,0.921943362464628
all_large,size_50000/random_tree_1,922398.276117,829405.572168,0,999815.941636,1.1121197000231438,not_computed,0.9225680824889416
all_large,size_50000/random_tree_2,876239.161268,785788.924915,0,876239.161268,1.1151075479497043,not_computed,1.0
all_large,size_50000/random_tree_3,693542.269666,792485.777631,0,707227.271741,0.8751479070567366,not_computed,0.9806497817295545
all_large,size_50000/random_tree_4,750535.098055,712157.494796,0,789179.70574,1.0538892078500044,not_computed,0.9510319292248351
all_large,size_50000/random_tree_5,873939.760286,652205.597117,0,899815.151273,1.3399758667345856,not_computed,0.9712436593778253
large_makespan_weights,size_10000/random_tree_1,33332.999684,61581.924282,0,33332.999684,0.5412789560027279,not_computed,1.0
large_makespan_weights,size_10000/random_tree_10,51015.191898,141775.674872,0,51015.191898,0.35983035837465266,not_computed,1.0
large_makespan_weights,size_10000/random_tree_2,52404.826281,147496.668554,0,52404.826281,0.35529498255626074,not_computed,1.0
large_makespan_weights,size_10000/random_tree_3,47216.256699,134401.925093,0,47216.256699,0.3513064017969125,not_computed,1.0
large_makespan_weights,size_10000/random_tree_4,21401.721654,55415.966557,0,21401.721654,0.3862013600716776,not_computed,1.0
large_makespan_weights,size_10000/random_tree_5,19841.858736,46926.028886,0,19841.858736,0.4228326838438199,not_computed,1.0
large_makespan_weights,size_10000/random_tree_6,15742.423375,24753.55178,0,15742.423375,0.6359662449620391,not_computed,1.0
large_makespan_weights,size_10000/random_tree_7,48322.883854,133201.058229,0,48322.883854,0.36278153114161477,not_computed,1.0
large_makespan_weights,size_10000/random_tree_8,43560.3179,122043.267259,0,43560.3179,0.35692520266239985,not_computed,1.0
large_makespan_weights,size_10000/random_tree_9,49949.063116,92386.570821,0,49949.063116,0.5406528532461374,not_computed,1.0
large_makespan_weights,size_2000/random_tree_1,33211.271928,130587.085104,0,33211.271928,0.2543227908146539,not_computed,1.0
large_makespan_weights,size_2000/random_tree_10,15520.711752,30298.760146,0,15520.711752,0.5122556724173092,not_computed,1.0
large_makespan_weights,size_2000/random_tree_2,31165.197722,92741.197722,0,31165.197722,0.33604480519456364,not_computed,1.0
large_makespan_weights,size_2000/random_tree_3,45343.357622,137368.535135,0,45343.357622,0.33008547101007124,not_computed,1.0
large_makespan_weights,size_2000/random_tree_4,26909.628824,54190.138821,0,26909.628824,0.49657796435782264,not_computed,1.0
large_makespan_weights,size_2000/random_tree_5,33141.060449,126856.863108,0,33141.060449,0.26124767424514705,not_computed,1.0
large_makespan_weights,size_2000/random_tree_6,34092.952041,67008.331746,0,34092.952041,0.508786760581234,not_computed,1.0
large_makespan_weights,size_2000/random_tree_7,46978.566464,186613.587131,0,46978.566464,0.2517424759164065,not_computed,1.0
large_makespan_weights,size_2000/random_tree_8,27297.722652,104962.251858,0,27297.722652,0.26007180837669336,not_computed,1.0
large_makespan_weights,size_2000/random_tree_9,32401.321527,63540.88473,0,32401.321527,0.5099287122721182,not_computed,1.0
large_makespan_weights,size_20000/random_tree_1,45616.49406,79985.237582,0,45616.49406,0.5703114154438119,not_computed,1.0
large_makespan_weights,size_20000/random_tree_2,50651.718847,124604.884315,0,50651.718847,0.4064986627566935,not_computed,1.0
large_makespan_weights,size_20000/random_tree_3,22105.661348,36518.000858,0,22105.661348,0.605336021376354,not_computed,1.0
large_makespan_weights,size_20000/random_tree_4,36957.226963,62924.21615,0,36957.226963,0.5873291591730062,not_computed,1.0
large_makespan_weights,size_20000/random_tree_5,24421.283284,39248.231872,0,24421.283284,0.6222263301859042,not_computed,1.0
large_makespan_weights,size_30000/random_tree_1,59459.215234,138534.17104,0,59459.215234,0.42920251940463056,not_computed,1.0
large_makespan_weights,size_30000/random_tree_2,63699.212632,162225.35243,0,63699.212632,0.3926588025720956,not_computed,1.0
large_makespan_weights,size_30000/random_tree_3,39573.806589,65408.806589,0,39573.806589,0.6050226055592833,not_computed,1.0
large_makespan_weights,size_30000/random_tree_4,29095.792088,43706.220415,0,29095.792088,0.6657128393104955,not_computed,1.0
large_makespan_weights,size_30000/random_tree_5,42102.083078,69117.211233,0,42102.083078,0.6091403621027229,not_computed,1.0
large_makespan_weights,size_4000/random_tree_1,21109.826776,40160.826776,0,21109.826776,0.5256322757930665,not_computed,1.0
large_makespan_weights,size_4000/random_tree_10,42927.987822,166213.544185,0,42927.987822,0.2582700948499121,not_computed,1.0
large_makespan_weights,size_4000/random_tree_2,44617.859956,130753.793163,0,44617.859956,0.34123568331496573,not_computed,1.0
large_makespan_weights,size_4000/random_tree_3,43577.82884,128166.687818,0,43577.82884,0.34000901156064545,not_computed,1.0
large_makespan_weights,size_4000/random_tree_4,36459.937301,138768.46388,0,36459.937301,0.26273935937295323,not_computed,1.0
large_makespan_weights,size_4000/random_tree_5,31290.648993,60249.812197,0,31290.648993,0.5193484900946802,not_computed,1.0
large_makespan_weights,size_4000/random_tree_6,36805.573232,142489.183639,0,36805.573232,0.2583043308413351,not_computed,1.0
large_makespan_weights,size_4000/random_tree_7,22116.092757,61114.191006,0,22116.092757,0.3618814614567787,not_computed,1.0
large_makespan_weights,size_4000/random_tree_8,27145.256567,77671.605083,0,27145.256567,0.34948751912610193,not_computed,1.0
large_makespan_weights,size_4000/random_tree_9,19351.745565,35786.907411,0,19351.745565,0.5407493121088122,not_computed,1.0
large_makespan_weights,size_50000/random_tree_1,50461.484453,105732.069211,0,50461.484453,0.47725808101133954,not_computed,1.0
large_makespan_weights,size_50000/random_tree_2,47054.384082,97254.740246,0,47054.384082,0.48382612470074743,not_computed,1.0
large_makespan_weights,size_50000/random_tree_3,61152.855231,97816.590381,0,61152.855231,0.6251787656143696,not_computed,1.0
large_makespan_weights,size_50000/random_tree_4,71073.352653,161556.19333,0,71073.352653,0.43992960707995404,not_computed,1.0
large_makespan_weights,size_50000/random_tree_5,32221.835824,46896.173533,0,33692.165121,0.6870888048323617,not_computed,0.9563599046923953
20_children,size_10000/random_tree_1,8650.175052,12577.40888,0,8650.175052,0.6877549370089334,not_computed,1.0
20_children,size_10000/random_tree_2,5682.37634,-1.0,0,5945.100599,not_computed,not_computed,0.9558082736153881
20_children,size_10000/random_tree_3,8312.22112,16854.177797,0,8312.22112,0.4931846109680624,not_computed,1.0
20_children,size_15000/random_tree_1,7453.069654,-1.0,0,7560.293318,not_computed,not_computed,0.98581752592261
20_children,size_15000/random_tree_2,8317.271278,-1.0,0,8014.581079,not_computed,not_computed,1.0377674386242242
20_children,size_15000/random_tree_3,5703.558106,-1.0,0,6004.229751,not_computed,not_computed,0.9499233611188974
20_children,size_20000/random_tree_1,13211.355899,-1.0,0,13570.985789,not_computed,not_computed,0.9735000908856968
20_children,size_20000/random_tree_2,14143.838575,-1.0,0,13637.553266,not_computed,not_computed,1.0371243506166334
20_children,size_20000/random_tree_3,14064.175756,23849.789514,0,14064.175756,0.5896981081423895,not_computed,1.0
20_children,size_25000/random_tree_1,7076.84708,-1.0,0,7860.852872,not_computed,not_computed,0.9002645381148662
20_children,size_25000/random_tree_2,13929.384687,-1.0,0,15057.126056,not_computed,not_computed,0.9251024820536311
20_children,size_25000/random_tree_3,8382.557917,-1.0,0,8045.718901,not_computed,not_computed,1.0418656207288244
20_children,size_5000/random_tree_1,5582.392243,15283.413648,0,5582.392243,0.3652582055011327,not_computed,1.0
20_children,size_5000/random_tree_2,6672.672804,10836.997883,0,6672.672804,0.6157307472088208,not_computed,1.0
20_children,size_5000/random_tree_3,3966.257093,5478.606557,0,3883.430171,0.723953627940726,not_computed,1.0213282892579145
all_small,size_10000/random_tree_1,695.752665,1030.200533,0,683.106241,0.6753565375994617,not_computed,1.0185131144190498
all_small,size_10000/random_tree_10,510.496661,510.496661,0,549.277614,1.0,not_computed,0.9293964435987374
all_small,size_10000/random_tree_2,682.32706,875.739424,0,682.32706,0.7791439340293991,not_computed,1.0
all_small,size_10000/random_tree_3,595.473909,1027.944807,0,627.185938,0.5792858769702409,not_computed,0.9494375956496653
all_small,size_10000/random_tree_4,759.604226,1376.407087,0,759.604226,0.5518746838594272,not_computed,1.0
all_small,size_10000/random_tree_5,951.960065,1865.791183,0,951.960065,0.510217903093178,not_computed,1.0
all_small,size_10000/random_tree_6,596.824209,732.224977,0,461.320852,0.8150831066228433,not_computed,1.2937290963817087
all_small,size_10000/random_tree_7,837.352334,1209.645963,0,837.352334,0.6922292634477217,not_computed,1.0
all_small,size_10000/random_tree_8,430.878984,591.349239,0,467.349239,0.7286370820881364,not_computed,0.9219635939109767
all_small,size_10000/random_tree_9,785.274534,1086.188547,0,785.274534,0.7229633714780829,not_computed,1.0
all_small,size_2000/random_tree_1,365.289356,637.279334,0,365.289356,0.5732013208512423,not_computed,1.0
all_small,size_2000/random_tree_10,471.618491,847.17491,0,471.618491,0.5566955364624763,not_computed,1.0
all_small,size_2000/random_tree_2,405.625408,976.184074,0,405.625408,0.41552143576560746,not_computed,1.0
all_small,size_2000/random_tree_3,518.059676,1366.059676,0,518.059676,0.37923648951921773,not_computed,1.0
all_small,size_2000/random_tree_4,216.332816,342.332816,0,216.332816,0.6319371263548395,not_computed,1.0
all_small,size_2000/random_tree_5,468.064994,832.064994,0,468.064994,0.5625341738628654,not_computed,1.0
all_small,size_2000/random_tree_6,411.132619,733.132619,0,411.132619,0.5607888782261371,not_computed,1.0
all_small,size_2000/random_tree_7,578.157237,1550.040613,0,578.157237,0.37299489584406137,not_computed,1.0
all_small,size_2000/random_tree_8,551.843726,1453.631014,0,551.843726,0.3796312273783118,not_computed,1.0
all_small,size_2000/random_tree_9,289.033465,1063.58094,0,289.033465,0.2717550250571432,not_computed,1.0
all_small,size_20000/random_tree_1,859.64908,1381.752377,0,979.217953,0.6221440934781906,not_computed,0.87789350406242
all_small,size_20000/random_tree_2,989.05761,1224.481614,0,974.645976,0.8077357787096997,not_computed,1.0147865320894731
all_small,size_20000/random_tree_3,1319.738949,1131.168605,0,1015.672153,1.166704011379453,not_computed,1.2993749460412745
all_small,size_20000/random_tree_4,1261.902491,2077.100834,0,1218.161052,0.6075306842806844,not_computed,1.035907763532732
all_small,size_20000/random_tree_5,914.46295,1130.475309,0,925.910126,0.808918994267039,not_computed,0.987636838956009
all_small,size_30000/random_tree_1,1465.611315,1894.493939,0,1293.179943,0.7736162596400896,not_computed,1.1333390398864236
all_small,size_30000/random_tree_2,1958.772651,2062.658904,0,1801.121426,0.9496347879920722,not_computed,1.0875294817574392
all_small,size_30000/random_tree_3,1401.079584,1622.673984,0,1349.470828,0.8634387423567642,not_computed,1.0382436988849084
all_small,size_30000/random_tree_4,1662.307329,2321.176826,0,1530.16996,0.7161485115567839,not_computed,1.086354700754941
all_small,size_30000/random_tree_5,1656.041393,2162.282085,0,1599.587426,0.7658766654397916,not_computed,1.0352928299400121
all_small,size_4000/random_tree_1,388.316612,1007.577117,0,388.316612,0.3853964182475573,not_computed,1.0
all_small,size_4000/random_tree_10,596.024084,1011.024084,0,596.024084,0.589525109670879,not_computed,1.0
all_small,size_4000/random_tree_2,461.17134,998.867933,0,461.17134,0.4616940085511785,not_computed,1.0
all_small,size_4000/random_tree_3,650.310661,1099.310661,0,650.310661,0.5915622253753436,not_computed,1.0
all_small,size_4000/random_tree_4,681.699277,2141.688273,0,681.699277,0.318299953169702,not_computed,1.0
all_small,size_4000/random_tree_5,640.941586,1547.536412,0,640.941586,0.4141689856406429,not_computed,1.0
all_small,size_4000/random_tree_6,615.008596,996.736018,0,615.008596,0.6170225464853223,not_computed,1.0
all_small,size_4000/random_tree_7,456.804497,456.804497,0,456.804497,1.0,not_computed,1.0
all_small,size_4000/random_tree_8,330.390762,529.082032,0,308.514937,0.6244603710148297,not_computed,1.0709068585551176
all_small,size_4000/random_tree_9,524.856602,524.856602,0,524.856602,1.0,not_computed,1.0
all_small,size_50000/random_tree_1,2134.463295,2429.005197,0,1739.039575,0.8787396987195495,not_computed,1.2273805183530686
all_small,size_50000/random_tree_2,2319.601483,2723.941298,0,2007.716749,0.8515607457117821,not_computed,1.155342995547227
all_small,size_50000/random_tree_3,1777.972209,2108.500628,0,1911.004981,0.8432400661348061,not_computed,0.9303859627145576
all_small,size_50000/random_tree_4,1884.75899,2461.54784,0,1711.564137,0.7656804224450905,not_computed,1.1011909803763316
all_small,size_50000/random_tree_5,1579.150765,1666.754896,0,1638.359437,0.9474403037841745,not_computed,0.9638609998130709
large_node_weights,size_10000/random_tree_1,9501.659333,19192.453487,0,9501.659333,0.49507267736435806,not_computed,1.0
large_node_weights,size_10000/random_tree_10,9145.170261,13616.934207,0,9145.170261,0.6716027353865586,not_computed,1.0
large_node_weights,size_10000/random_tree_2,8396.161591,11362.362995,0,6436.651325,0.7389450235566956,not_computed,1.3044300781664604
large_node_weights,size_10000/random_tree_3,7077.869286,11906.371823,0,7199.270403,0.5944606292512556,not_computed,0.983137024975557
large_node_weights,size_10000/random_tree_4,7703.04002,13947.181211,0,7703.04002,0.5523008487137667,not_computed,1.0
large_node_weights,size_10000/random_tree_5,9481.582969,15012.77948,0,9481.582969,0.6315674576870558,not_computed,1.0
large_node_weights,size_10000/random_tree_6,9497.909865,14398.554739,0,9497.909865,0.6596432792851016,not_computed,1.0
large_node_weights,size_10000/random_tree_7,7046.01575,8244.590647,0,7092.883682,0.8546228735521111,not_computed,0.9933922598901573
large_node_weights,size_10000/random_tree_8,7560.834013,14013.577406,0,7164.307085,0.5395363220930853,not_computed,1.0553475616407082
large_node_weights,size_10000/random_tree_9,8721.106556,16897.713695,0,8721.106556,0.5161116298579824,not_computed,1.0
large_node_weights,size_2000/random_tree_1,5620.140335,15076.246779,0,5620.140335,0.37278113162941884,not_computed,1.0
large_node_weights,size_2000/random_tree_10,2442.924941,5209.681521,0,2442.924941,0.46892020772338494,not_computed,1.0
large_node_weights,size_2000/random_tree_2,3921.083731,12450.249089,0,3921.083731,0.3149401833626238,not_computed,1.0
large_node_weights,size_2000/random_tree_3,2018.824017,3267.78948,0,2018.824017,0.6177950046525029,not_computed,1.0
large_node_weights,size_2000/random_tree_4,2993.911446,5025.911446,0,2993.911446,0.5956952242727597,not_computed,1.0
large_node_weights,size_2000/random_tree_5,2600.433989,7435.896027,0,2600.433989,0.3497136027128046,not_computed,1.0
large_node_weights,size_2000/random_tree_6,4698.679381,12024.439206,0,4698.679381,0.39076079146006537,not_computed,1.0
large_node_weights,size_2000/random_tree_7,2060.926194,4085.167595,0,2060.926194,0.5044899985308926,not_computed,1.0
large_node_weights,size_2000/random_tree_8,3423.944706,5955.122016,0,3423.944706,0.5749579432294877,not_computed,1.0
large_node_weights,size_2000/random_tree_9,5804.890914,15487.602974,0,5804.890914,0.3748088664039897,not_computed,1.0
large_node_weights,size_20000/random_tree_1,12006.680218,12006.680218,0,11452.547171,1.0,not_computed,1.0483851355271576
large_node_weights,size_20000/random_tree_2,6608.737083,6608.737083,0,6968.303332,1.0,not_computed,0.9483997421081266
large_node_weights,size_20000/random_tree_3,13381.33862,25393.366275,0,12714.991906,0.5269619819241551,not_computed,1.0524063812958908
large_node_weights,size_20000/random_tree_4,14120.010737,18744.533353,0,14120.010737,0.7532868634865291,not_computed,1.0
large_node_weights,size_20000/random_tree_5,10368.883717,10368.883717,0,10619.623917,1.0,not_computed,0.976388975545677
large_node_weights,size_30000/random_tree_1,9723.182,9601.534613,0,10551.922105,1.0126695775105885,not_computed,0.9214607446156845
large_node_weights,size_30000/random_tree_2,5262.682808,6235.895234,0,5896.178322,0.843933807499884,not_computed,0.8925582844677064
large_node_weights,size_30000/random_tree_3,14952.066282,18577.259672,0,12459.279958,0.8048585499688116,not_computed,1.200074669836711
large_node_weights,size_30000/random_tree_4,16221.122251,27576.466634,0,14626.484184,0.5882233741649993,not_computed,1.1090240174562513
large_node_weights,size_30000/random_tree_5,15784.426502,25663.503477,0,16098.224248,0.6150534558208792,not_computed,0.9805073068205653
large_node_weights,size_4000/random_tree_1,5940.017374,10054.017374,0,5940.017374,0.5908103351164947,not_computed,1.0
large_node_weights,size_4000/random_tree_10,4342.477913,6916.365152,0,4342.477913,0.6278555017796145,not_computed,1.0
large_node_weights,size_4000/random_tree_2,4496.11434,8435.482118,0,4496.11434,0.5330002810871942,not_computed,1.0
large_node_weights,size_4000/random_tree_3,4773.20089,9308.945166,0,4773.20089,0.5127542170334877,not_computed,1.0
large_node_weights,size_4000/random_tree_4,4347.968474,9536.586249,0,4347.968474,0.4559250407299494,not_computed,1.0
large_node_weights,size_4000/random_tree_5,5451.737515,15892.307378,0,5451.737515,0.3430425416102218,not_computed,1.0
large_node_weights,size_4000/random_tree_6,4561.594314,7197.378357,0,4561.594314,0.6337855379748796,not_computed,1.0
large_node_weights,size_4000/random_tree_7,3451.578881,6855.257781,0,3451.578881,0.5034936673813171,not_computed,1.0
large_node_weights,size_4000/random_tree_8,6715.504885,11615.504885,0,6715.504885,0.5781500633409618,not_computed,1.0
large_node_weights,size_4000/random_tree_9,4520.027349,9781.037287,0,4520.027349,0.46212147202501513,not_computed,1.0
large_node_weights,size_50000/random_tree_1,19069.458584,-1.0,0,17630.127849,not_computed,not_computed,1.08164040257267
large_node_weights,size_50000/random_tree_2,17042.816146,20272.296016,0,17284.690323,0.8406949135188674,not_computed,0.9860064500734418
large_node_weights,size_50000/random_tree_3,14819.398165,15454.850568,0,14499.670416,0.9588833033225352,not_computed,1.022050690796888
large_node_weights,size_50000/random_tree_4,18670.347907,24808.584229,0,19477.91213,0.752576113762078,not_computed,0.9585394873120828
large_node_weights,size_50000/random_tree_5,13747.579215,13433.867777,0,15118.142193,1.0233522797162782,not_computed,0.9093431613155089
3_children,size_10000/random_tree_1,3840.522109,-1.0,0,3994.102256,not_computed,not_computed,0.9615482686330101
3_children,size_10000/random_tree_2,7034.484506,-1.0,0,6906.708937,not_computed,not_computed,1.0185002104715157
3_children,size_10000/random_tree_3,6317.687548,11581.646861,0,6317.687548,0.5454912953074196,not_computed,1.0
3_children,size_15/random_tree_1,2245.12321,2245.12321,0,2245.12321,1.0,not_computed,1.0
3_children,size_15000/random_tree_1,11004.345374,-1.0,0,10435.158059,not_computed,not_computed,1.0545451551171374
3_children,size_15000/random_tree_2,10420.24333,-1.0,0,10893.383874,not_computed,not_computed,0.9565662470475058
3_children,size_15000/random_tree_3,9644.189268,-1.0,0,10106.865819,not_computed,not_computed,0.9542215599488607
3_children,size_20/random_tree_1,4253.203671,4253.203671,0,4253.203671,1.0,not_computed,1.0
3_children,size_20000/random_tree_1,8154.627932,-1.0,0,8858.655726,not_computed,not_computed,0.9205265656804236
3_children,size_20000/random_tree_2,8997.631961,-1.0,0,7198.864416,not_computed,not_computed,1.2498682349124546
3_children,size_20000/random_tree_3,6837.846106,-1.0,0,7639.874877,not_computed,not_computed,0.8950206928892874
3_children,size_25000/random_tree_1,14559.394998,-1.0,0,14046.609613,not_computed,not_computed,1.0365059896393376
3_children,size_25000/random_tree_2,8310.149575,-1.0,0,8715.99383,not_computed,not_computed,0.9534368354411742
3_children,size_25000/random_tree_3,7536.050748,-1.0,0,8318.26316,not_computed,not_computed,0.9059644547239835
3_children,size_5000/random_tree_1,5412.573943,20373.628769,0,5412.573943,0.265665680098954,not_computed,1.0
3_children,size_5000/random_tree_2,6914.888733,11451.347652,0,6914.888733,0.603849340980605,not_computed,1.0
3_children,size_5000/random_tree_3,4297.346526,5612.252109,0,4297.346526,0.7657080335198463,not_computed,1.0
large_edge_weights,size_10000/random_tree_1,163061.20458,128390.734243,0,145092.10705,1.2700387262478037,not_computed,1.123846140877999
large_edge_weights,size_10000/random_tree_10,122062.365742,85640.736058,0,123899.3342,1.4252839403357478,not_computed,0.9851737019422983
large_edge_weights,size_10000/random_tree_2,164283.69973,173143.666805,0,193286.733321,0.9488288122892858,not_computed,0.8499481413303552
large_edge_weights,size_10000/random_tree_3,115184.601556,91347.579187,0,125810.216958,1.2609485941625516,not_computed,0.9155425079224907
large_edge_weights,size_10000/random_tree_4,146129.149736,154714.200889,0,150552.540215,0.9445102575996926,not_computed,0.9706189581877326
large_edge_weights,size_10000/random_tree_5,128515.016974,133609.260798,0,145924.237263,0.9618720753817968,not_computed,0.8806968560156099
large_edge_weights,size_10000/random_tree_6,147151.331616,145594.505728,0,142945.300279,1.0106928889947846,not_computed,1.029424061713052
large_edge_weights,size_10000/random_tree_7,120311.828397,76126.099449,0,129846.444088,1.5804281221265228,not_computed,0.9265700669897579
large_edge_weights,size_10000/random_tree_8,135851.111584,109407.196042,0,141669.378539,1.2417017938367465,not_computed,0.9589306664926303
large_edge_weights,size_10000/random_tree_9,186828.748613,132752.651653,0,187234.345501,1.4073447594956416,not_computed,0.9978337473986693
large_edge_weights,size_2000/random_tree_1,26610.830144,26610.830144,0,31252.649052,1.0,not_computed,0.8514743854104441
large_edge_weights,size_2000/random_tree_10,32043.383949,22940.357058,0,35894.764317,1.3968127814220526,not_computed,0.8927035616117428
large_edge_weights,size_2000/random_tree_2,29132.181061,29132.181061,0,37554.120936,1.0,not_computed,0.7757385963220194
large_edge_weights,size_2000/random_tree_3,19983.26302,19983.26302,0,24410.283548,1.0,not_computed,0.818641167387721
large_edge_weights,size_2000/random_tree_4,23941.336835,23941.336835,0,27307.693721,1.0,not_computed,0.876724965484316
large_edge_weights,size_2000/random_tree_5,39537.372982,37698.61196,0,45859.441119,1.0487752977205371,not_computed,0.8621424949206214
large_edge_weights,size_2000/random_tree_6,35106.167911,36861.012062,0,35761.520022,0.9523929471049691,not_computed,0.9816743776383992
large_edge_weights,size_2000/random_tree_7,24262.400211,25934.336634,0,24392.336634,0.935531937963353,not_computed,0.9946730637187549
large_edge_weights,size_2000/random_tree_8,32972.018183,39809.814676,0,37830.814676,0.8282384244023553,not_computed,0.8715651107539474
large_edge_weights,size_2000/random_tree_9,35464.434426,35464.434426,0,41668.413056,1.0,not_computed,0.8511107533262138
large_edge_weights,size_20000/random_tree_1,319918.90361,333577.06525,0,410415.74432,0.9590554535583438,not_computed,0.7794995880093726
large_edge_weights,size_20000/random_tree_2,260779.443137,-1.0,0,267132.191428,not_computed,not_computed,0.9762187093324832
large_edge_weights,size_20000/random_tree_3,301712.816879,334175.79874,0,337992.466439,0.9028565743438013,not_computed,0.8926613662658436
large_edge_weights,size_20000/random_tree_4,365594.477488,298036.127753,0,402156.521481,1.2266783904499978,not_computed,0.9090850401770063
large_edge_weights,size_20000/random_tree_5,255479.703836,163634.811139,0,250635.68261,1.561279669391265,not_computed,1.0193269417010247
large_edge_weights,size_30000/random_tree_1,386796.450055,416874.476753,0,417400.009142,0.9278487209572647,not_computed,0.926680502116164
large_edge_weights,size_30000/random_tree_2,387452.115817,-1.0,0,333082.284398,not_computed,not_computed,1.1632324322419787
large_edge_weights,size_30000/random_tree_3,301181.577688,301181.577688,0,392658.621424,1.0,not_computed,0.7670316179376043
large_edge_weights,size_30000/random_tree_4,394465.144375,311084.438668,0,391193.611733,1.268032390382557,not_computed,1.0083629500683995
large_edge_weights,size_30000/random_tree_5,454498.667262,289385.055743,0,509132.956052,1.570567167316462,not_computed,0.8926915098687503
large_edge_weights,size_4000/random_tree_1,56726.21675,59657.412392,0,59260.273141,0.9508661954236374,not_computed,0.9572385300187424
large_edge_weights,size_4000/random_tree_10,56946.69488,56946.69488,0,70346.583177,1.0,not_computed,0.8095161457481972
large_edge_weights,size_4000/random_tree_2,67432.197614,69639.147159,0,83723.881371,0.9683087798309608,not_computed,0.8054117476373587
large_edge_weights,size_4000/random_tree_3,56192.201556,41194.113008,0,64221.911053,1.3640832986278242,not_computed,0.8749693155288796
large_edge_weights,size_4000/random_tree_4,47275.667826,47275.667826,0,54780.481963,1.0,not_computed,0.8630020425510508
large_edge_weights,size_4000/random_tree_5,52906.331423,62394.876534,0,66440.898515,0.8479274960047476,not_computed,0.796291630689727
large_edge_weights,size_4000/random_tree_6,67914.020158,46383.892744,0,73675.143485,1.4641724991222311,not_computed,0.9218037040107979
large_edge_weights,size_4000/random_tree_7,62088.705834,49260.748766,0,58815.274659,1.2604092992767078,not_computed,1.0556561402455185
large_edge_weights,size_4000/random_tree_8,47901.805471,54776.817153,0,58036.655793,0.8744904863165552,not_computed,0.825371565891941
large_edge_weights,size_4000/random_tree_9,49923.537368,56210.187703,0,56981.476139,0.8881581686185247,not_computed,0.8761362595489288
large_edge_weights,size_50000/random_tree_1,512420.9796,340030.346295,0,643526.145768,1.506986023992809,not_computed,0.7962706456758865
large_edge_weights,size_50000/random_tree_2,870269.457097,699775.973198,0,1009918.752933,1.24364009401443,not_computed,0.8617222470318218
large_edge_weights,size_50000/random_tree_3,489191.979028,489191.979028,0,554769.543578,1.0,not_computed,0.8817931421990906
large_edge_weights,size_50000/random_tree_4,650011.769768,551256.747213,0,581099.934719,1.179145240496879,not_computed,1.1185886126150115
large_edge_weights,size_50000/random_tree_5,896517.019548,653718.29482,0,919258.268456,1.3714118553081862,not_computed,0.9752613061112884
